,Rank,Team,Conf,WL,AdjEM,AdjO,AdjD,AdjT,Luck,AdjEM,OppO,OppD,NCSOS_AdjEM
,1,Virginia 1,ACC,29-3,35.66,123.6,87.9,59.3,0.024,10.51,108.4,97.9,-2.82
,2,Gonzaga 1,WCC,30-3,32.79,125.1,92.3,69.8,0.008,3.38,106.2,102.8,1.98
,3,Duke 1,ACC,29-5,31.99,120.1,88.1,72.2,0.018,13.25,110.4,97.2,5.48
,4,Michigan St. 2,B10,28-6,31.36,121.7,90.4,67.4,-0.007,13.57,110.2,96.7,3.15
,5,Michigan 2,B10,28-6,29.44,115.5,86.1,64.4,-0.014,11.65,109.3,97.6,-4.94
,6,North Carolina 1,ACC,27-6,29.17,119.9,90.7,74.3,0.024,13.68,110.8,97.1,5.77
,7,Kentucky 2,SEC,27-6,27.41,118.2,90.8,65.8,0.037,11.02,110,99,2.26
,8,Tennessee 2,SEC,29-5,26.98,122.5,95.5,67.7,0.038,10.58,109,98.5,1.36
,9,Texas Tech 3,B12,26-6,26.75,112.7,85.9,66.5,0.004,8.31,107.8,99.5,-5.02
,10,Purdue 3,B10,23-9,26.05,121.1,95,65.6,-0.012,13.04,109.7,96.7,4.33
,11,Virginia Tech 4,ACC,24-8,24.47,118.4,94,63.3,0.002,8.61,108.1,99.5,-6.04
,12,Wisconsin 5,B10,23-10,23.68,110.8,87.1,63.6,-0.026,13.57,110.3,96.8,3.56
,13,Auburn 5,SEC,26-9,23.33,119.6,96.2,67.5,0.003,10.89,109.6,98.7,2.81
,14,Florida St. 4,ACC,27-7,22.56,113,90.4,68.3,0.045,10.71,109.5,98.8,1.1
,15,Houston 3,Amer,31-3,22.42,114.1,91.7,66.1,0.057,3.15,104.8,101.6,-3.81
,16,Iowa St. 6,B12,23-11,21.85,119,97.1,67.6,-0.051,10.36,108.8,98.5,-1.45
,17,Louisville 7,ACC,20-13,20.97,113.4,92.4,67.1,-0.054,13,110.6,97.6,6.05
,18,LSU 3,SEC,26-6,20.97,118.5,97.5,69.9,0.035,9.49,108.6,99.1,3.09
,19,Wofford 7,SC,29-4,20.71,118.4,97.6,65.6,0.06,1.36,105.4,104,8.4
,20,Kansas 4,B12,25-9,20.71,112.7,92,69.9,0.088,13.89,111.4,97.5,10.99
,21,Mississippi St. 5,SEC,23-10,20.68,117.4,96.7,67.4,-0.027,10.46,110,99.6,2.49
,22,Buffalo 6,MAC,31-3,20.34,114.9,94.6,73.8,0.041,2.8,105.2,102.4,1.58
,23,Kansas St. 4,B12,25-8,20.22,108,87.7,63,0.061,10.05,109,99,-0.5
,24,Maryland 6,B10,22-10,19.98,113.8,93.8,65.6,0.001,11.08,109.5,98.4,-4.62
,25,Nevada 7,MWC,29-4,18.92,114,95.1,69.2,0.039,1.38,105.2,103.8,1.99
,26,Villanova 6,BE,25-9,18.77,117,98.2,63.6,0.017,8.22,108.4,100.2,3.63
,27,Marquette 5,BE,24-9,18.42,114.2,95.7,68.6,0.007,7.65,107.5,99.9,0.79
,28,Florida 10,SEC,19-15,18.32,110.2,91.9,62.7,-0.072,11.64,110.4,98.7,5.39
,29,Clemson,ACC,19-13,17.94,108.7,90.7,66,-0.069,9.91,108.5,98.6,1.16
,30,Texas,B12,16-16,17.89,114.1,96.2,64.2,-0.117,12.57,110.1,97.6,5.5
,31,Saint Mary's 11,WCC,22-11,17.71,114.6,96.9,62.6,-0.033,3.63,106.4,102.7,-0.39
,32,Cincinnati 7,Amer,28-6,17.05,111.6,94.5,63.2,0.06,4.2,106.3,102.1,-2.63
,33,North Carolina St.,ACC,22-11,16.7,112.7,96,70.8,-0.009,7.15,106.9,99.8,-12.05
,34,Utah St. 8,MWC,28-6,16.62,113,96.3,67.8,0.007,0.01,104.3,104.3,1.14
,35,Syracuse 8,ACC,20-13,16.3,110.2,93.9,66.1,0.005,10.06,108.5,98.5,0.49
,36,Iowa 10,B10,22-11,15.96,117.2,101.2,69.4,0.057,10.57,108.4,97.8,-6.6
,37,VCU 8,A10,25-7,15.69,104.3,88.6,68.2,0.004,1.15,105,103.8,3.5
,38,Oklahoma 9,B12,19-13,15.53,109.4,93.9,68.7,0.031,12.63,109.7,97,7.84
,39,Nebraska,B10,18-16,15.53,112.6,97,66.3,-0.055,13.35,109.9,96.6,0.41
,40,Penn St.,B10,14-18,15.42,109.5,94.1,67.5,-0.102,13.25,110.2,96.9,4.51
,41,Baylor 9,B12,19-13,15.29,113.5,98.2,65.3,-0.032,9.18,107.9,98.7,-4.2
,42,Indiana,B10,17-15,15.28,110.1,94.8,66.4,-0.044,12.61,110,97.4,-0.87
,43,Oregon 12,P12,23-12,15.15,107.7,92.5,64.1,-0.039,4.1,106.9,102.8,0.26
,44,Mississippi 8,SEC,20-12,15.08,112.8,97.7,68.3,-0.018,8.69,108.8,100.1,-0.78
,45,Ohio St. 11,B10,19-14,15.08,109.3,94.2,65.7,0.005,11.63,110.1,98.5,-2.69
,46,UCF 9,Amer,23-8,14.58,110.3,95.7,64.8,0.029,3.61,105.2,101.6,-3.42
,47,Minnesota 10,B10,21-13,14.46,110.7,96.2,67.5,0.082,12.07,109.8,97.7,-2.79
,48,TCU,B12,20-13,14.17,110.4,96.2,68.8,0.014,9.75,108.6,98.9,-0.84
,49,New Mexico St. 12,WAC,30-4,13.59,112.6,99,65.6,0.061,-3.52,102.4,105.9,-2.94
,50,Creighton,BE,18-14,13.5,113.3,99.8,68.4,-0.045,9.15,109.3,100.1,5.69
,51,Washington 9,P12,26-8,13.37,107,93.6,65.9,0.078,4.94,106.7,101.8,3.11
,52,Murray St. 12,OVC,27-4,13.33,112,98.7,69,0.033,-4.77,102.1,106.9,-1.01
,53,Lipscomb,ASun,25-7,13.24,110,96.8,72.9,-0.041,-2.58,102.3,104.8,6.61
,54,Belmont 11,OVC,26-5,13.07,114.8,101.8,71.1,0.041,-3.23,102.7,105.9,3.44
,55,Seton Hall 10,BE,20-13,12.91,109.3,96.4,68.9,0.022,9.42,109.3,99.9,4.43
,56,Furman,SC,25-7,12.63,108.8,96.2,66.5,0.03,-0.75,105.3,106,-2.34
,57,Arkansas,SEC,17-15,12.34,109.5,97.2,70.2,-0.041,8.42,108.1,99.7,0.54
,58,Toledo,MAC,25-7,12,110,98,67.5,0.047,0.62,104.5,103.9,-3.92
,59,Alabama,SEC,18-15,11.48,108.1,96.6,68.6,0.039,10.94,109.9,99,3.84
,60,Dayton,A10,21-11,11.48,111.5,100.1,64.4,-0.036,1.12,104.1,102.9,1.57
,61,Arizona St. 11,P12,22-10,11.21,109.8,98.6,70.5,0.046,4.81,106.6,101.8,1.8
,62,Memphis,Amer,21-13,10.88,109,98.1,74.1,-0.031,3.5,105.2,101.7,0.14
,63,Liberty 12,ASun,28-6,10.82,110.6,99.7,61.8,0.006,-4.61,101.3,105.9,-2.83
,64,Xavier,BE,18-15,10.43,110.8,100.4,64.8,0.008,8.15,108.8,100.6,1.28
,65,Colorado,P12,21-12,10.42,106.5,96.1,67.6,-0.037,2.02,105.6,103.6,-4.62
,66,San Francisco,WCC,21-10,9.96,111.7,101.7,66.4,-0.022,-0.23,104,104.2,-6.5
,67,Providence,BE,18-15,9.95,105,95,67.7,-0.014,7.03,108.8,101.8,-2.46
,68,Butler,BE,16-16,9.92,110.8,100.9,65.9,-0.032,8.51,108.6,100.1,3.88
,69,East Tennessee St.,SC,24-9,9.83,109.1,99.3,66.9,0.022,-0.44,105.6,106,-1.93
,70,Missouri,SEC,15-17,9.76,106.7,97,64.6,-0.017,9.8,109.6,99.8,0.4
,71,Miami FL,ACC,14-18,9.69,109.9,100.2,66.9,-0.072,8.97,108.3,99.3,-3.06
,72,Fresno St.,MWC,23-9,9.68,108.2,98.5,67.7,-0.011,-1.48,103.6,105.1,-4.81
,73,South Carolina,SEC,16-16,9.67,107.9,98.3,70.1,0.022,10.93,109.4,98.5,2.67
,74,Northwestern,B10,13-19,9.55,102.9,93.4,65.8,-0.111,9.71,108.4,98.7,-5.64
,75,UC Irvine 13,BW,30-5,9.46,106.6,97.1,65.1,0.097,-3.94,102.2,106.2,1.82
,76,Temple 11,Amer,23-9,9.39,108.9,99.5,68.8,0.065,3.81,105.6,101.8,-0.63
,77,Rutgers,B10,14-17,9.31,105.5,96.2,67.5,-0.02,11.12,109.4,98.3,-4.49
,78,St. John's 11,BE,21-12,8.75,109.7,100.9,70.5,0.071,5.92,107,101.1,-6.09
,79,Northeastern 13,CAA,23-10,8.75,111.5,102.7,66,0.023,-0.8,106,106.8,6.95
,80,Vermont 13,AE,27-6,8.72,107.9,99.2,65.3,0.056,-6.01,100.2,106.2,3.52
,81,UNC Greensboro,SC,28-6,8.59,106.5,97.9,67.4,0.175,0.17,105.6,105.4,-2.92
,82,Yale 14,Ivy,22-7,8.59,111.7,103.1,70.7,0.057,-1.52,102.3,103.8,-1.89
,83,Illinois,B10,12-21,8.51,109.1,100.6,70.4,-0.052,13.01,109.8,96.7,4
,84,Davidson,A10,24-9,8.28,107.5,99.3,64.5,0.065,0.75,104.4,103.6,2.31
,85,Oregon St.,P12,18-13,7.89,111.2,103.3,65.5,-0.04,3.21,105.2,102,-3.1
,86,San Diego,WCC,21-14,7.89,106,98.1,66.8,-0.004,3.04,105.8,102.7,0.12
,87,BYU,WCC,19-13,7.78,111.7,103.9,70.7,0.027,3.3,106,102.7,0.25
,88,USC,P12,16-17,7.65,109.2,101.6,69.4,-0.096,3.44,105.2,101.7,-2.17
,89,Oklahoma St.,B12,12-20,7.6,108.9,101.3,65.9,-0.01,12.84,110,97.2,5.74
,90,Notre Dame,ACC,14-19,7.58,108.2,100.6,65.1,-0.055,8.62,108,99.4,-5.33
,91,Georgetown,BE,19-13,7.52,109.2,101.7,71.9,0.054,6.1,108,101.9,-4.57
,92,Texas A&M,SEC,14-18,7.49,106.9,99.4,67.3,-0.021,9.66,109,99.3,-0.33
,93,Wichita St.,Amer,19-14,7.49,105.9,98.4,67.8,0.029,4.56,105.9,101.3,3.53
,94,Hofstra,CAA,27-7,7.47,116.3,108.8,67.2,0.029,-5.78,102.1,107.9,-6.16
,95,West Virginia,B12,14-20,7.26,109,101.8,70.2,0.016,12.15,109.3,97.2,0.57
,96,Utah Valley,WAC,24-9,7.17,109,101.8,68.4,0.04,-1.48,104,105.5,0.13
,97,Pittsburgh,ACC,14-19,7.09,105.1,98,66.9,-0.094,7.83,107.9,100,-8.78
,98,South Dakota St.,Sum,24-8,7.08,112.1,105,70.9,-0.023,-6.34,102,108.3,-4.37
,99,Arizona,P12,17-15,6.86,105,98.1,66.6,-0.013,5.42,107.5,102,3.46
,100,Northern Kentucky 14,Horz,26-8,6.56,109.2,102.7,67.9,-0.008,-4.29,103,107.2,-2.61
,101,Southern Miss,CUSA,20-12,6.42,106.5,100.1,64.7,-0.014,0.32,103.4,103.1,2.35
,102,Georgia Southern,SB,21-12,6.4,108.4,102,73,-0.009,1.16,105.2,104.1,4.85
,103,DePaul,BE,15-15,6.36,110.7,104.4,69.4,-0.039,5.5,106.8,101.3,-10.84
,104,Saint Louis 13,A10,23-12,6.27,102.6,96.3,66.1,0.045,0.36,103.9,103.6,-1.05
,105,Grand Canyon,WAC,20-13,6.22,108.1,101.8,67.6,-0.033,-0.67,103.9,104.5,0.23
,106,Bowling Green,MAC,22-12,6.18,108.2,102,70.3,0.035,1.52,105.2,103.7,-4.69
,107,Akron,MAC,17-16,6.09,99.8,93.7,66,-0.105,1.65,105.4,103.7,-5.28
,108,Connecticut,Amer,16-17,6.02,108.3,102.3,68.5,-0.07,3.31,105.1,101.8,-5.3
,109,Georgia Tech,ACC,14-18,5.91,101.8,95.9,66.6,-0.023,9,107.9,98.9,-4.67
,110,UCLA,P12,17-16,5.88,108.4,102.5,72.4,0.007,5.43,107.5,102,3.74
,111,Georgia St. 14,SB,24-9,5.6,107.9,102.3,69.9,0.126,0.94,104.8,103.9,4.05
,112,Old Dominion 14,CUSA,26-8,5.58,101.9,96.4,64.3,0.055,-2.37,101.9,104.2,-5.71
,113,Jacksonville St.,OVC,24-9,5.46,104.9,99.4,67.5,0.003,-4.3,102,106.3,0.14
,114,Utah,P12,17-14,5.39,114.2,108.8,66.2,0.031,4.64,105.7,101.1,-0.41
,115,Boston College,ACC,14-17,5.31,107.5,102.2,67.2,0.019,7.65,107.4,99.7,-6.53
,116,Western Kentucky,CUSA,20-14,5.27,104.9,99.6,67.6,0,1.6,103.9,102.3,4.94
,117,SMU,Amer,15-17,5.17,112,106.8,64.9,-0.07,2.98,104.7,101.7,-5.49
,118,St. Bonaventure,A10,18-16,5.17,102,96.8,63.8,-0.044,0.16,103.3,103.2,-0.7
,119,Stanford,P12,15-16,5.12,103.3,98.2,69.8,-0.027,4.32,106.5,102.2,1.31
,120,Charleston,CAA,24-9,5.06,108.3,103.3,65.3,0.019,-3.43,104.9,108.3,0.15
,121,San Diego St.,MWC,21-13,5.04,103.7,98.7,66.5,0.056,1.66,105.2,103.6,-0.9
,122,South Florida,Amer,19-13,5.04,102.3,97.2,67.1,-0.048,-0.2,104,104.2,-10.2
,123,Central Michigan,MAC,23-11,4.89,110.3,105.4,70.8,0.024,-0.32,103.3,103.6,-9.89
,124,Harvard,Ivy,18-11,4.5,104.8,100.3,67.3,0.056,1.97,104.7,102.7,3.9
,125,Radford,BSth,22-11,4.45,108.7,104.2,64.3,-0.007,-1.01,104.2,105.2,7.56
,126,Texas St.,SB,24-9,4.37,102,97.7,65,0.034,-2.48,103.4,105.9,-5.46
,127,Wright St.,Horz,21-13,4.33,105.9,101.6,65,-0.031,-2.14,104.7,106.8,3.28
,128,Drake,MVC,24-9,4.32,107,102.7,69,0.094,-1.2,102.4,103.6,0.83
,129,Colgate 15,Pat,24-10,4.29,110,105.8,66.3,0.021,-4.21,101.8,106,1.2
,130,Penn,Ivy,19-12,4.28,104,99.7,66.7,0.02,0.39,103.4,103,0.85
,131,Tulsa,Amer,18-14,4.23,104.6,100.4,68.7,0.04,3.05,105.4,102.4,-2.7
,132,Georgia,SEC,11-21,4.18,105.8,101.6,68.3,-0.077,9.28,109,99.7,-1.59
,133,Loyola Chicago,MVC,20-13,4.15,104.2,100,62.3,-0.01,-1.87,102,103.8,-1.42
,134,Ball St.,MAC,16-17,4.08,102.3,98.2,70.1,-0.088,2.11,105,102.9,-0.34
,135,Austin Peay,OVC,22-11,3.9,110.6,106.7,68.9,-0.009,-3.69,103,106.7,1.32
,136,Northern Illinois,MAC,17-17,3.87,108.8,104.9,65.8,-0.071,1.88,104.6,102.7,-2.22
,137,Montana 15,BSky,26-8,3.55,107.4,103.8,66.5,0.057,-6.59,102,108.6,4.46
,138,Loyola Marymount,WCC,20-11,3.42,103.6,100.2,62.7,0.066,0.15,104.4,104.2,-5.07
,139,Boise St.,MWC,13-20,3.22,107.1,103.8,65.4,-0.192,0.49,103.9,103.5,0.48
,140,Louisiana Monroe,SB,18-15,3.11,112.3,109.2,66.3,-0.054,-1.89,103.1,105,-3.88
,141,Louisiana Tech,CUSA,20-13,2.95,104.7,101.7,65.3,-0.046,-1.84,102,103.9,-3.9
,142,Kent St.,MAC,22-10,2.83,109.6,106.7,67.3,0.14,1.36,104.3,102.9,-4.29
,143,Rhode Island,A10,18-15,2.68,103.8,101.1,67.4,0.018,1,103,102,-1.79
,144,Samford,SC,17-16,2.21,106.6,104.3,69,-0.076,-1.66,104.5,106.2,-6.11
,145,Abilene Christian 15,Slnd,27-6,2.09,103.6,101.5,66,0.087,-9.04,99.6,108.6,-4.51
,146,Brown,Ivy,19-11,1.9,98.7,96.8,70.8,0.011,-2.52,102.2,104.7,-5.31
,147,Bucknell,Pat,21-12,1.88,105.5,103.6,70.5,0.052,-2.81,103.2,106,3.15
,148,UAB,CUSA,20-14,1.84,106.4,104.5,64.9,-0.011,-1.86,101.6,103.5,-4.99
,149,Miami OH,MAC,15-17,1.78,104.7,102.9,66.2,-0.025,3.58,105.5,102,-0.19
,150,Southern Illinois,MVC,17-15,1.7,104.2,102.5,65.6,-0.01,-0.92,102.9,103.8,0.6
,151,UTSA,CUSA,17-15,1.66,105.7,104,72,-0.017,0.86,103,102.1,4.26
,152,UT Arlington,SB,17-16,1.54,101.1,99.6,66.1,0.038,1.54,104.9,103.4,5.75
,153,Pepperdine,WCC,16-18,1.41,106.6,105.2,70.2,-0.057,0.09,104.1,104,-6.74
,154,Vanderbilt,SEC,9-23,0.79,102,101.2,67.1,-0.109,9.66,109.1,99.4,-2.87
,155,Eastern Michigan,MAC,15-17,0.75,103.3,102.6,62.7,-0.006,5.5,107.1,101.6,8.68
,156,George Mason,A10,18-15,0.69,104.4,103.7,67.6,0.023,-1.19,102.1,103.3,-3.24
,157,North Texas,CUSA,21-12,0.51,99.5,99,65.1,-0.007,-3.67,101,104.6,-9.27
,158,Charleston Southern,BSth,17-15,0.05,101.3,101.2,69.2,-0.092,-3.61,103.1,106.7,4.7
,159,Florida Atlantic,CUSA,17-15,-0.02,99.3,99.3,67.4,-0.039,-1.2,102.9,104.1,-1.05
,160,UNLV,MWC,17-14,-0.14,105.8,106,67.4,0.014,-1.88,103,104.9,-3.23
,161,Coastal Carolina,SB,15-16,-0.15,104.8,104.9,69.3,-0.073,-0.97,104.8,105.7,-0.72
,162,Marshall,CUSA,19-14,-0.16,107.9,108.1,73.9,0.108,-0.03,102.8,102.8,1.93
,163,Wake Forest,ACC,11-20,-0.22,104.6,104.8,67.4,0.04,8.93,108.4,99.5,-6.04
,164,Nebraska Omaha,Sum,21-11,-0.36,109.9,110.3,67.7,0.109,-3.47,103.6,107.1,2.61
,165,Bradley 15,MVC,20-14,-0.36,100.9,101.2,65.1,0.04,-2.12,102.1,104.2,-3.81
,166,UT Rio Grande Valley,WAC,19-16,-0.37,99.3,99.6,70.1,0.021,-0.97,103.1,104.1,-0.82
,167,Gardner Webb 16,BSth,23-11,-0.74,107.5,108.2,67.1,0.07,-4.53,102.3,106.9,-3.63
,168,Stony Brook,AE,24-8,-0.75,99.1,99.9,68.9,0.075,-7.14,99.8,106.9,-3.07
,169,Lehigh,Pat,20-11,-0.79,108.6,109.4,71.4,0.083,-4.04,102.1,106.2,-1.14
,170,UC Santa Barbara,BW,22-10,-0.8,105,105.8,64.5,0.035,-6.97,101.3,108.3,-7.5
,171,Duquesne,A10,19-13,-0.81,104.4,105.2,69.7,0.055,-2.46,101.7,104.1,-7.23
,172,Sam Houston St.,Slnd,21-11,-0.88,105.9,106.8,66,0.026,-5.78,100.7,106.4,3.88
,173,Missouri St.,MVC,16-16,-0.92,102.9,103.8,65.3,-0.021,-1.52,102.6,104.1,-1.68
,174,North Florida,ASun,16-17,-0.95,103.8,104.7,71.8,0.015,1.67,103.6,101.9,10.72
,175,Princeton,Ivy,16-12,-1,98.7,99.7,67.5,0.101,0.5,104.2,103.7,-0.86
,176,Northern Iowa,MVC,16-18,-1.16,101.1,102.3,64.2,0.004,0.57,103,102.5,3.79
,177,Louisiana,SB,19-13,-1.18,106.5,107.7,71.9,0.085,-1.09,104.3,105.4,-1.16
,178,Winthrop,BSth,18-12,-1.2,106.4,107.6,72.6,0.016,-2.79,103,105.8,2.2
,179,Colorado St.,MWC,12-20,-1.23,107.4,108.6,66.9,-0.111,0.21,104.6,104.4,-1.77
,180,NJIT,ASun,21-12,-1.29,101.1,102.4,66.4,0.09,-3.56,101.6,105.1,-3.77
,181,Seattle,WAC,18-14,-1.42,100.7,102.2,67.2,-0.028,-4.6,102.1,106.7,-8.93
,182,Ohio,MAC,14-17,-1.53,98.6,100.1,69.1,0.062,3.69,106.7,103,0.51
,183,New Mexico,MWC,14-18,-1.6,103.9,105.5,72.7,-0.028,0.74,104.2,103.5,-0.06
,184,Saint Joseph's,A10,14-19,-1.73,105.2,106.9,68.4,-0.012,0.9,103.1,102.2,0.71
,185,Santa Clara,WCC,16-15,-1.85,101.8,103.6,66.1,0.059,-0.45,104.2,104.7,-9.34
,186,Campbell,BSth,20-12,-1.89,107.9,109.8,65.3,0.02,-4.69,102.9,107.6,-1.81
,187,Presbyterian,BSth,18-15,-1.95,109.1,111,67.6,-0.065,-4.72,102.3,107.1,-0.87
,188,Oakland,Horz,16-17,-2.11,107.3,109.4,68.5,-0.002,-2.14,104.6,106.7,2.15
,189,Hartford,AE,18-15,-2.24,108.3,110.5,66.5,-0.008,-5.09,101.1,106.2,1.07
,190,Purdue Fort Wayne,Sum,18-15,-2.28,106.5,108.8,71.5,-0.002,-3.5,103.9,107.4,0.25
,191,Northern Colorado,BSky,21-11,-2.44,102.2,104.6,66.3,0.05,-7.83,101.2,109.1,-1.33
,192,Cal Baptist,WAC,16-14,-2.52,106.7,109.2,67.8,-0.054,-2.96,102.5,105.4,-5.55
,193,Hampton,BSth,15-16,-2.56,107.5,110,70.8,-0.109,-4.31,102.6,106.9,-1.74
,194,IUPUI,Horz,16-16,-2.56,103.8,106.4,68.4,-0.057,-3.59,103.3,106.8,-3.6
,195,Mercer,SC,11-20,-2.6,103.5,106.1,66.7,-0.113,1.85,106.1,104.2,1.54
,196,Hawaii,BW,18-13,-3.03,103.5,106.5,66.2,-0.005,-5.89,100.7,106.6,-5.04
,197,Iona 16,MAAC,17-15,-3.08,106.5,109.6,70.5,-0.025,-6.63,100,106.6,0.92
,198,American,Pat,15-15,-3.13,101.8,104.9,66.4,-0.119,-7.36,100.4,107.7,-10.5
,199,North Dakota St. 16,Sum,18-15,-3.2,106.6,109.8,64.8,0.052,-3.07,104.5,107.6,3.73
,200,Illinois Chicago,Horz,16-16,-3.21,100.4,103.6,69.9,-0.002,-2.37,104.4,106.8,0.7
,201,Richmond,A10,13-20,-3.23,106.8,110,65.8,-0.088,-2.66,101.2,103.8,-7.87
,202,FIU,CUSA,19-13,-3.25,101.9,105.1,77.4,0.104,-1.24,101.7,103,-2.22
,203,Cal St. Fullerton,BW,16-17,-3.44,98.9,102.3,69.7,0.01,-1.02,103.5,104.5,7.27
,204,Illinois St.,MVC,17-16,-3.5,101,104.5,66.6,0.084,-0.35,102.9,103.3,1.23
,205,Appalachian St.,SB,11-21,-3.61,105.9,109.5,71.4,-0.083,1.23,105.1,103.9,5.2
,206,Green Bay,Horz,17-16,-3.62,102.8,106.5,73.5,0.084,-0.4,105.3,105.7,7.55
,207,Indiana St.,MVC,15-16,-4.14,101,105.1,68.8,0.026,0.07,102.5,102.4,2.92
,208,Fairleigh Dickinson 16,NEC,20-13,-4.25,106.2,110.4,66.8,0.01,-8.75,98.7,107.4,-1.51
,209,Prairie View A&M 16,SWAC,22-12,-4.31,101.5,105.8,71,0.074,-8.25,98.1,106.3,6.54
,210,Washington St.,P12,11-21,-4.31,105.9,110.2,70.5,-0.059,1.43,104.9,103.5,-10.25
,211,Columbia,Ivy,10-18,-4.48,101.8,106.3,67.4,-0.06,-0.92,103,103.9,-3.36
,212,South Alabama,SB,17-17,-4.49,103,107.5,66.2,0.012,-3.36,102.6,106,-7.9
,213,Pacific,WCC,14-18,-4.49,99.8,104.2,64.9,0.045,1.75,105.9,104.1,-3.37
,214,Texas Southern,SWAC,21-13,-4.5,104,108.5,74.5,0.056,-8.23,98.2,106.4,12.36
,215,Rider,MAAC,16-15,-4.51,101.3,105.8,73.8,-0.032,-6.87,100.3,107.2,-0.07
,216,Lamar,Slnd,20-13,-4.57,103.1,107.6,68.1,0.009,-7.31,100.5,107.8,1.97
,217,Cornell,Ivy,15-15,-4.63,99,103.7,67.5,0.084,-0.01,103.9,103.9,-1.17
,218,Dartmouth,Ivy,11-19,-4.64,103.4,108,65.7,-0.109,-1.69,102.4,104.1,-5.1
,219,William & Mary,CAA,14-17,-4.65,103.3,108,68.5,0.029,-1.88,105.7,107.6,3.11
,220,Florida Gulf Coast,ASun,14-18,-4.67,101.3,106,67.8,-0.003,-0.8,103.2,104,4.1
,221,Valparaiso,MVC,15-18,-4.91,97.9,102.8,65.1,0.003,-1.74,101.9,103.7,-3.28
,222,Little Rock,SB,10-21,-4.94,99.7,104.7,70.3,-0.149,-1.62,104.2,105.8,-2.32
,223,Long Beach St.,BW,15-19,-4.99,101,106,71.4,0.051,-0.41,104.1,104.6,5.84
,224,Weber St.,BSky,18-15,-5.06,101.3,106.4,71,-0.022,-6.9,101.8,108.7,0.88
,225,La Salle,A10,10-21,-5.16,99.8,105,68.8,-0.04,0.28,103.6,103.3,0.89
,226,Cal St. Bakersfield,WAC,16-15,-5.16,102.5,107.6,65.3,0.055,-1.58,103.7,105.3,-2.46
,227,Evansville,MVC,11-21,-5.37,99.3,104.7,69.3,-0.061,-0.13,102.9,103.1,1.79
,228,High Point,BSth,16-15,-5.52,99.1,104.6,63.5,0.019,-4.05,103.4,107.4,-2.39
,229,South Dakota,Sum,13-17,-5.7,100.3,106,66.8,-0.048,-3.65,103.8,107.4,-0.24
,230,UMBC,AE,21-13,-5.75,95.9,101.7,64.8,0.078,-6.83,100.1,106.9,-4.2
,231,Southeastern Louisiana,Slnd,17-16,-5.9,99.2,105.1,65.1,0.009,-6.78,100.5,107.3,2.13
,232,Boston University,Pat,15-18,-5.93,104.1,110.1,66.1,-0.025,-4.51,102.4,106.9,-4.01
,233,Quinnipiac,MAAC,16-14,-5.98,104.4,110.3,66.7,-0.024,-9.42,98.7,108.1,-7.62
,234,UMKC,WAC,11-21,-6.14,100.9,107,66.2,-0.052,0.42,105.2,104.8,1.5
,235,Massachusetts,A10,11-21,-6.16,102.8,108.9,67.2,-0.061,-1.48,102.7,104.1,-4.64
,236,Detroit,Horz,11-20,-6.46,106.1,112.5,68.4,-0.011,0.2,104.9,104.7,5.84
,237,Eastern Washington,BSky,16-18,-6.57,100.9,107.5,67.6,0.026,-4.66,102.8,107.4,7.1
,238,Eastern Kentucky,OVC,13-18,-6.57,99.2,105.8,76.4,0.012,-1.78,103.6,105.4,0.92
,239,Sacred Heart,NEC,15-17,-6.71,104,110.7,71.8,-0.062,-7.71,100.3,108,-1.19
,240,Holy Cross,Pat,16-17,-6.8,100.9,107.7,63.4,0.067,-3.46,103.1,106.5,-1.89
,241,Air Force,MWC,14-18,-6.84,100.4,107.3,66.4,0.03,-1.14,102.9,104,-3.87
,242,Army,Pat,13-19,-6.85,96.1,103,69.6,-0.028,-4.41,103.2,107.6,-4.48
,243,California,P12,8-23,-7.2,102.9,110.1,66.4,0.037,4.68,106.5,101.8,0.21
,244,Middle Tennessee,CUSA,11-21,-7.21,98.1,105.3,67.5,0.013,2.02,103.9,101.8,10.28
,245,Drexel,CAA,13-19,-7.37,105.5,112.9,68.9,0.004,-2.66,104.4,107.1,-1.22
,246,Troy,SB,12-18,-7.4,102.8,110.2,66.9,0.053,-0.19,104.3,104.5,1.51
,247,Rice,CUSA,13-19,-7.48,102.8,110.3,70,0,-1.89,101.3,103.2,0.61
,248,UC Davis,BW,11-20,-7.49,96.2,103.7,65.7,-0.043,-1.51,103.1,104.6,5.03
,249,The Citadel,SC,12-18,-7.59,106.6,114.2,73.5,0.028,1.57,105.4,103.8,0.29
,250,Jacksonville,ASun,12-20,-7.6,98.7,106.3,70.8,-0.056,-3.36,102.2,105.6,-3.91
,251,Western Michigan,MAC,8-24,-7.61,99,106.6,69.1,-0.039,2.95,106.1,103.2,-3.01
,252,Montana St.,BSky,15-17,-7.64,107.4,115.1,69.8,0.008,-6.31,102,108.3,3.93
,253,New Orleans,Slnd,19-13,-7.68,97,104.7,68.2,0.093,-6.67,100.7,107.4,6.7
,254,Arkansas St.,SB,13-19,-7.69,102.3,109.9,68.1,0.086,-0.27,104.6,104.9,1
,255,Morehead St.,OVC,13-20,-7.71,102.2,109.9,67,0.06,-0.3,104.5,104.8,5.12
,256,Fordham,A10,12-20,-7.84,96.5,104.3,65,-0.075,-4.33,101,105.3,-11.59
,257,Chattanooga,SC,12-20,-7.85,101.5,109.3,66,0.025,1.08,105.4,104.3,-1.76
,258,UMass Lowell,AE,15-17,-7.85,104.3,112.2,69.7,-0.026,-6.27,99.9,106.2,-4.1
,259,Cal St. Northridge,BW,13-20,-7.97,104.4,112.4,70.4,-0.013,-4.78,101.3,106.1,-3.9
,260,Delaware,CAA,17-16,-8.07,104.7,112.8,63.1,0.08,-4.36,103.5,107.9,-5.97
,261,St. Francis PA,NEC,18-14,-8.11,105.1,113.3,68,0.088,-7.77,100.6,108.4,6.88
,262,LIU Brooklyn,NEC,16-16,-8.18,98.1,106.3,70.7,-0.013,-8.65,99.5,108.2,-5.64
,263,Youngstown St.,Horz,12-20,-8.3,103.9,112.2,66.9,-0.004,-1.83,103.6,105.4,0.8
,264,Norfolk St.,MEAC,21-13,-8.4,97.5,105.9,69.1,0.05,-11.01,97,108.1,1.61
,265,Siena,MAAC,17-16,-8.41,100.5,108.9,60.5,0.06,-7.18,100.3,107.5,-1.71
,266,Loyola MD,Pat,11-21,-8.72,101.4,110.2,68.4,-0.028,-3.39,103.5,106.9,-1.38
,267,Robert Morris,NEC,17-16,-8.76,94.8,103.5,65.9,0.035,-7.86,101,108.8,-1.11
,268,North Dakota,Sum,12-18,-8.78,97.3,106.1,69.5,-0.046,-2.99,104.8,107.8,2.18
,269,East Carolina,Amer,10-21,-9.02,97.9,106.9,67.9,-0.006,0.27,103.2,102.9,-11.83
,270,UNC Wilmington,CAA,10-23,-9.04,105.3,114.3,69.1,-0.034,-1.64,105.4,107,2.18
,271,Western Carolina,SC,7-25,-9.22,101.6,110.9,69.4,-0.051,2.8,106.7,103.9,5.07
,272,Grambling St.,SWAC,17-16,-9.42,94.6,104.1,69.6,-0.029,-10.2,97.7,107.9,4.15
,273,St. Francis NY,NEC,17-15,-9.49,95.7,105.2,68.3,0.052,-8.17,100.5,108.7,-3.49
,274,Marist,MAAC,12-19,-9.51,100,109.5,64.3,-0.054,-7.13,100,107.2,-2.59
,275,Sacramento St.,BSky,15-16,-9.55,96.2,105.7,68,-0.011,-7.52,101.5,109.1,-2.11
,276,Houston Baptist,Slnd,12-18,-9.62,102.8,112.5,73.7,-0.038,-5.26,101.1,106.4,7.03
,277,Albany,AE,12-20,-9.85,98.2,108,65.7,-0.066,-6.73,100.1,106.8,-5.12
,278,James Madison,CAA,14-19,-9.87,100.9,110.8,65.1,0.056,-3.66,104.7,108.4,-3.6
,279,Canisius,MAAC,15-17,-9.87,101.5,111.3,67.5,0.115,-5.22,100.6,105.9,3.98
,280,Navy,Pat,12-19,-9.9,97.1,107,66.8,0.061,-2.69,103.2,105.9,-0.83
,281,Southern Utah,BSky,16-16,-9.91,96.5,106.4,70.9,0.048,-6.84,102.2,109.1,1.4
,282,Texas A&M Corpus Chris,Slnd,14-18,-9.94,94.5,104.4,64.7,-0.011,-5.56,101.2,106.7,4.09
,283,VMI,SC,11-21,-10.04,102.2,112.3,71.4,0.018,1.61,105.9,104.3,-0.86
,284,Cleveland St.,Horz,10-21,-10.05,101.5,111.6,68.9,-0.041,-1.98,104.7,106.7,0.86
,285,North Alabama,ASun,10-22,-10.17,95,105.1,68.3,0.006,1.32,104.5,103.1,7.59
,286,Longwood,BSth,15-17,-10.19,96.3,106.5,66.9,-0.002,-6.35,102,108.4,-9.6
,287,Portland St.,BSky,16-16,-10.38,101.5,111.9,68.9,0.046,-7.34,101.2,108.5,-1.55
,288,Towson,CAA,10-22,-10.48,100.1,110.5,63.4,-0.049,-4.16,103.8,107.9,-4.03
,289,Tennessee Martin,OVC,12-19,-10.62,104.5,115.2,68.3,0.009,-3.24,102.9,106.2,-0.49
,290,George Washington,A10,9-24,-10.68,95.2,105.9,67.1,-0.009,-0.18,102.9,103,-1.95
,291,Oral Roberts,Sum,11-21,-10.72,103.3,114,66.7,0.013,-1.21,105.3,106.5,4
,292,Tulane,Amer,4-27,-10.78,96.5,107.3,69.6,-0.042,3.24,105.6,102.3,-3.76
,293,Monmouth,MAAC,14-21,-10.87,93,103.9,67.3,0.047,-4.75,102.4,107.1,3.64
,294,Western Illinois,Sum,10-21,-10.97,97.3,108.3,67.2,-0.106,-4.51,104.3,108.8,-5.33
,295,Tennessee St.,OVC,9-21,-11.08,98.4,109.5,69.3,-0.062,-2.05,102.8,104.9,4.48
,296,Central Arkansas,Slnd,14-19,-11.17,99.8,110.9,70.4,0.019,-4.3,101,105.3,8.37
,297,Charlotte,CUSA,8-21,-11.17,95.4,106.6,64.4,-0.005,-1.54,102.1,103.6,-0.11
,298,UTEP,CUSA,8-21,-11.22,89.8,101.1,67.8,-0.086,-2.22,102.1,104.3,-1.57
,299,Lafayette,Pat,10-20,-11.27,101.4,112.7,68.7,0.004,-4.37,102.2,106.6,-3.51
,300,Milwaukee,Horz,9-22,-11.34,98.2,109.5,65.9,0.016,-2.7,103.5,106.2,-1.68
,301,Fairfield,MAAC,9-22,-11.49,95.7,107.2,67.7,-0.094,-7.86,99.3,107.1,-2.86
,302,North Carolina A&T,MEAC,19-13,-11.58,96.3,107.9,65.5,0.099,-10.74,97.7,108.4,3.61
,303,North Carolina Central 16,MEAC,18-15,-11.89,96.6,108.5,65.2,0.004,-12.17,96.4,108.6,1.47
,304,Northern Arizona,BSky,10-21,-11.92,100.4,112.3,68.4,-0.036,-6.2,102.1,108.3,0.32
,305,Elon,CAA,11-21,-12.11,98.9,111,67.8,-0.002,-3.78,104.3,108.1,-3.36
,306,Bethune Cookman,MEAC,14-17,-12.12,93.3,105.4,72.1,-0.03,-10.92,98.4,109.3,-1.47
,307,Eastern Illinois,OVC,14-18,-12.24,99.5,111.8,66.8,0.094,-4.91,102.5,107.5,-3.91
,308,Howard,MEAC,17-16,-12.39,101.8,114.2,71.1,0.025,-9.92,97.2,107.1,-0.17
,309,Southeast Missouri St.,OVC,10-21,-12.47,97.4,109.8,67.5,-0.033,-3.6,103,106.6,-2.65
,310,Nicholls St.,Slnd,14-17,-12.65,98.6,111.3,68.3,-0.005,-6.98,101,108,3.57
,311,Stephen F. Austin,Slnd,14-16,-12.75,95.3,108.1,68.7,0.036,-6.2,101.6,107.8,3.96
,312,Denver,Sum,8-22,-13.12,99.7,112.8,67,-0.062,-3.2,103.4,106.6,-0.78
,313,Wagner,NEC,13-17,-13.44,93.8,107.2,63.6,0.043,-6.88,101.3,108.2,-0.08
,314,Niagara,MAAC,13-19,-13.55,101.6,115.1,69.5,0.031,-8.8,98.2,107,-7.67
,315,Saint Peter's,MAAC,10-22,-13.63,94.4,108,63.1,-0.013,-7.24,100.6,107.9,-2.31
,316,Arkansas Pine Bluff,SWAC,13-19,-13.64,96.1,109.7,65.1,0.023,-7.09,98.8,105.9,6.16
,317,Wyoming,MWC,8-24,-13.65,95,108.6,68.3,0.003,-1,103.9,104.9,-3.92
,318,Florida A&M,MEAC,12-19,-14.27,88.9,103.2,64.8,-0.007,-7.23,99.7,106.9,4.94
,319,Jackson St.,SWAC,13-19,-14.84,89.8,104.6,65,0.007,-8.79,98.7,107.5,5.41
,320,Central Connecticut,NEC,11-20,-14.87,97,111.8,69,0.006,-5.98,101.2,107.2,3.06
,321,UC Riverside,BW,10-23,-14.95,98.1,113,63.1,-0.023,-3.14,102.1,105.3,-1.87
,322,Tennessee Tech,OVC,8-23,-15.19,89.4,104.6,68.1,-0.042,-3.19,104.1,107.3,1.29
,323,Manhattan,MAAC,11-21,-15.22,89.4,104.6,61.7,0.021,-7.85,100,107.8,-4.23
,324,Mount St. Mary's,NEC,9-22,-15.23,94.6,109.8,67,-0.012,-5.25,102.1,107.4,5.27
,325,Bryant,NEC,10-20,-15.6,99.3,114.9,67.5,0.026,-7.45,100.1,107.5,-2.41
,326,Portland,WCC,7-25,-15.63,94.2,109.9,66.7,-0.011,0.15,103.5,103.3,-7.49
,327,Stetson,ASun,7-24,-15.82,97.6,113.4,68.7,-0.054,-2.99,101.3,104.3,-2.98
,328,Idaho St.,BSky,11-19,-16.29,101.8,118.1,66.7,0.067,-5.12,102.4,107.5,7.77
,329,Alabama St.,SWAC,12-19,-16.36,94.6,111,67.1,0.024,-6.96,99.4,106.4,12.56
,330,SIU Edwardsville,OVC,10-21,-16.48,96.5,113,69.5,0.033,-5.01,102.4,107.4,-5.25
,331,McNeese St.,Slnd,9-22,-16.56,98,114.5,66.2,-0.047,-5.84,101.1,106.9,5.13
,332,Binghamton,AE,10-23,-16.75,95.9,112.6,65.7,0.003,-4.59,100.6,105.1,-2.88
,333,Cal Poly,BW,6-23,-17.79,96.8,114.6,66,-0.068,-3.75,101.6,105.4,-2.38
,334,Morgan St.,MEAC,9-21,-18.04,92.5,110.5,71.9,-0.074,-12.88,97,109.9,-0.3
,335,Southern,SWAC,7-25,-18.41,93.7,112.1,65.5,-0.082,-7.17,99.3,106.5,7.63
,336,USC Upstate,BSth,6-26,-18.54,92.8,111.3,67.9,-0.049,-3.13,103.3,106.4,-1.02
,337,Maine,AE,5-27,-18.65,93.1,111.7,63.9,-0.058,-2.72,101.8,104.6,1.69
,338,South Carolina St.,MEAC,8-26,-18.82,97.9,116.7,66.8,-0.037,-7.81,98.9,106.7,6.64
,339,Kennesaw St.,ASun,6-26,-19.15,91.6,110.8,68.1,0.04,0.95,103.9,103,4.14
,340,Northwestern St.,Slnd,11-20,-19.73,89.9,109.6,68.4,0.069,-6.35,100.7,107.1,3.74
,341,Savannah St.,MEAC,11-20,-19.77,96.2,116,74.7,0.061,-10.11,97.3,107.5,4.71
,342,Coppin St.,MEAC,8-25,-20.56,88.5,109.1,70.1,0.01,-7.71,99.4,107.1,8.15
,343,San Jose St.,MWC,4-27,-21.85,91.7,113.6,69.1,-0.021,-0.97,103.6,104.5,-4.79
,344,Alabama A&M,SWAC,5-27,-22.66,86.5,109.1,65.5,-0.044,-8.2,98.9,107.1,0.41
,345,Incarnate Word,Slnd,6-25,-22.87,97.4,120.2,64.8,-0.066,-4.91,101.2,106.1,4.56
,346,New Hampshire,AE,5-24,-23.05,84.2,107.2,65.5,-0.015,-6.03,101.4,107.4,-4.55
,347,Idaho,BSky,5-27,-23.9,94.8,118.7,65.2,-0.036,-6.82,102.1,108.9,-3.31
,348,UNC Asheville,BSth,4-27,-24.11,92.8,116.9,61.8,-0.032,-0.98,104.9,105.9,4.64
,349,Alcorn St.,SWAC,10-21,-24.64,88.8,113.4,65.6,0.031,-8.03,98.6,106.6,8.35
,350,Mississippi Valley St.,SWAC,6-26,-25.09,89.4,114.5,69.1,-0.018,-6.41,99.5,105.9,6.95
,351,Chicago St.,WAC,3-29,-27.9,90.3,118.2,70,-0.012,3.43,105.5,102,5.93
,352,Delaware St.,MEAC,6-25,-29.66,84.2,113.9,69.5,0.008,-9.81,97.8,107.6,0.88
,353,Maryland Eastern Shore,MEAC,7-25,-29.7,85.1,114.8,62.9,0.024,-7.69,99.4,107.1,5.83